<?xml version="1.0" encoding="UTF-8" standalone="yes" ?>
<appProperties xmlns="http://schemas.mathworks.com/matlab/app/2012/appProperties" signature="130DE000C66373FF07DB8B3D0CB5D922298CD82C">

  <entryPoint>imagine</entryPoint>

  <name>imagine</name>

  <version>2.0</version>

  <createdByMATLABRelease>(R2014b)</createdByMATLABRelease>

  <GUID>6b4dda5d-98e6-4e48-a66f-9afdbb54ecd8</GUID>

  <summary>Image visualization and evaluation framework</summary>

  <author>
    <name>Christian Wuerslin</name>
    <contact>wureslin@stanford.edu</contact>
    <organization>Stanford Universtity</organization>
  </author>

  <supportedPlatforms/>

  <requiredProducts>
    <product identifier="'1'" name="MATLAB" version="8.4"/>
    <product identifier="'17'" name="Image Processing Toolbox" version="9.1"/>
  </requiredProducts>

  <numFiles>63</numFiles>

  <created>2015-03-12T17:47:17Z</created>

  <appEntries>
    <appFile>/MATLAB/globals/GUIS/imagine/imagine.m</appFile>
    <appFile>/MATLAB/globals/GUIS/imagine/colormaps</appFile>
    <appFile>/MATLAB/globals/GUIS/imagine/documentation</appFile>
    <appFile>/MATLAB/globals/GUIS/imagine/EvalFunctions</appFile>
    <appFile>/MATLAB/globals/GUIS/imagine/icons</appFile>
    <appFile>/MATLAB/globals/GUIS/imagine/tools</appFile>
    <appFile>/MATLAB/globals/GUIS/imagine/versions</appFile>
    <appFile>/MATLAB/globals/GUIS/imagine/icons/.DS_Store</appFile>
    <appFile>/MATLAB/globals/GUIS/imagine/tools/.DS_Store</appFile>
    <appFile>/matlab/globals/GUIS/imagine/icons/clock.png</appFile>
    <appFile>/matlab/globals/GUIS/imagine/icons/colormap.png</appFile>
    <appFile>/matlab/globals/GUIS/imagine/icons/cursor_arrow.png</appFile>
    <appFile>/matlab/globals/GUIS/imagine/icons/doc_delete.png</appFile>
    <appFile>/matlab/globals/GUIS/imagine/icons/doc_import.png</appFile>
    <appFile>/matlab/globals/GUIS/imagine/icons/exchange.png</appFile>
    <appFile>/MATLAB/globals/GUIS/imagine/colormaps/ExpGray.m</appFile>
    <appFile>/MATLAB/globals/GUIS/imagine/EvalFunctions/fCOV.m</appFile>
    <appFile>/MATLAB/globals/GUIS/imagine/import/fDICOMRead.m</appFile>
    <appFile>/MATLAB/globals/GUIS/imagine/EvalFunctions/fFWHM.m</appFile>
    <appFile>/MATLAB/globals/GUIS/imagine/import/fGIPLRead.m</appFile>
    <appFile>/MATLAB/globals/GUIS/imagine/tools/fIsoContour_mex.cpp</appFile>
    <appFile>/MATLAB/globals/GUIS/imagine/tools/fLiveWireCalcP.cpp</appFile>
    <appFile>/MATLAB/globals/GUIS/imagine/tools/fLiveWireCalcP.m</appFile>
    <appFile>/MATLAB/globals/GUIS/imagine/tools/fLiveWireGetCostFcn.m</appFile>
    <appFile>/MATLAB/globals/GUIS/imagine/tools/fLiveWireGetPath.m</appFile>
    <appFile>/MATLAB/globals/GUIS/imagine/import/fMatRead.m</appFile>
    <appFile>/MATLAB/globals/GUIS/imagine/EvalFunctions/fMax.m</appFile>
    <appFile>/MATLAB/globals/GUIS/imagine/EvalFunctions/fMean.m</appFile>
    <appFile>/MATLAB/globals/GUIS/imagine/EvalFunctions/fMin.m</appFile>
    <appFile>/MATLAB/globals/GUIS/imagine/import/fNifTyRead.m</appFile>
    <appFile>/matlab/globals/GUIS/imagine/icons/folder_open.png</appFile>
    <appFile>/MATLAB/globals/GUIS/imagine/tools/fRegionGrowingAuto_mex.cpp</appFile>
    <appFile>/MATLAB/globals/GUIS/imagine/colormaps/french.m</appFile>
    <appFile>/MATLAB/globals/GUIS/imagine/EvalFunctions/fSlopeSteepness.m</appFile>
    <appFile>/MATLAB/globals/GUIS/imagine/EvalFunctions/fSlopeSteepness2.m</appFile>
    <appFile>/MATLAB/globals/GUIS/imagine/EvalFunctions/fStd.m</appFile>
    <appFile>/MATLAB/globals/GUIS/imagine/import/fWSImport.m</appFile>
    <appFile>/matlab/globals/GUIS/imagine/icons/grid.png</appFile>
    <appFile>/matlab/globals/GUIS/imagine/icons/ic.png</appFile>
    <appFile>/matlab/globals/GUIS/imagine/icons/Icon.png</appFile>
    <appFile>/matlab/globals/GUIS/imagine/documentation/IMAGINE Users Manual.pdf</appFile>
    <appFile>/MATLAB/globals/GUIS/imagine/colormaps/InvGray.m</appFile>
    <appFile>/matlab/globals/GUIS/imagine/icons/line.png</appFile>
    <appFile>/matlab/globals/GUIS/imagine/icons/line1.png</appFile>
    <appFile>/matlab/globals/GUIS/imagine/icons/link.png</appFile>
    <appFile>/matlab/globals/GUIS/imagine/icons/link1.png</appFile>
    <appFile>/MATLAB/globals/GUIS/imagine/colormaps/LogGray.m</appFile>
    <appFile>/matlab/globals/GUIS/imagine/icons/lw.png</appFile>
    <appFile>/matlab/globals/GUIS/imagine/icons/max.png</appFile>
    <appFile>/matlab/globals/GUIS/imagine/icons/min.png</appFile>
    <appFile>/MATLAB/globals/GUIS/imagine/colormaps/mylines.mat</appFile>
    <appFile>/MATLAB/globals/GUIS/imagine/colormaps/OptimalColor.m</appFile>
    <appFile>/matlab/globals/GUIS/imagine/icons/phase.png</appFile>
    <appFile>/matlab/globals/GUIS/imagine/icons/record.png</appFile>
    <appFile>/matlab/globals/GUIS/imagine/icons/reset.png</appFile>
    <appFile>/matlab/globals/GUIS/imagine/icons/rewind.png</appFile>
    <appFile>/matlab/globals/GUIS/imagine/icons/rg.png</appFile>
    <appFile>/matlab/globals/GUIS/imagine/icons/roi.png</appFile>
    <appFile>/matlab/globals/GUIS/imagine/icons/rotate.png</appFile>
    <appFile>/matlab/globals/GUIS/imagine/icons/save.png</appFile>
    <appFile>/matlab/globals/GUIS/imagine/icons/stop.png</appFile>
    <appFile>/matlab/globals/GUIS/imagine/icons/tag.png</appFile>
    <appFile>/matlab/globals/GUIS/imagine/icons/zoom.png</appFile>
  </appEntries>

</appProperties>
