<?xml version="1.0" encoding="UTF-8" standalone="yes" ?><fileEntries xmlns="http://schemas.mathworks.com/matlab/compiler/2011/fileManifest" encoding="UTF-8" platform="maci64"><fileEntry content="/MATLAB/globals/GUIS/imagine/EvalFunctions" name="/MATLAB/globals/GUIS/imagine/EvalFunctions" type="Folder"/><fileEntry content="/MATLAB/globals/GUIS/imagine/EvalFunctions/fCOV.m" date="2015-03-12T17:47:17Z" name="/MATLAB/globals/GUIS/imagine/EvalFunctions/fCOV.m" permissions="33188" type="File"/><fileEntry content="/MATLAB/globals/GUIS/imagine/EvalFunctions/fFWHM.m" date="2015-03-12T17:47:17Z" name="/MATLAB/globals/GUIS/imagine/EvalFunctions/fFWHM.m" permissions="33188" type="File"/><fileEntry content="/MATLAB/globals/GUIS/imagine/EvalFunctions/fMax.m" date="2015-03-12T17:47:17Z" name="/MATLAB/globals/GUIS/imagine/EvalFunctions/fMax.m" permissions="33188" type="File"/><fileEntry content="/MATLAB/globals/GUIS/imagine/EvalFunctions/fMean.m" date="2015-03-12T17:47:17Z" name="/MATLAB/globals/GUIS/imagine/EvalFunctions/fMean.m" permissions="33188" type="File"/><fileEntry content="/MATLAB/globals/GUIS/imagine/EvalFunctions/fMin.m" date="2015-03-12T17:47:17Z" name="/MATLAB/globals/GUIS/imagine/EvalFunctions/fMin.m" permissions="33188" type="File"/><fileEntry content="/MATLAB/globals/GUIS/imagine/EvalFunctions/fSlopeSteepness.m" date="2015-03-12T17:47:17Z" name="/MATLAB/globals/GUIS/imagine/EvalFunctions/fSlopeSteepness.m" permissions="33188" type="File"/><fileEntry content="/MATLAB/globals/GUIS/imagine/EvalFunctions/fSlopeSteepness2.m" date="2015-03-12T17:47:17Z" name="/MATLAB/globals/GUIS/imagine/EvalFunctions/fSlopeSteepness2.m" permissions="33188" type="File"/><fileEntry content="/MATLAB/globals/GUIS/imagine/EvalFunctions/fStd.m" date="2015-03-12T17:47:17Z" name="/MATLAB/globals/GUIS/imagine/EvalFunctions/fStd.m" permissions="33188" type="File"/><fileEntry content="/MATLAB/globals/GUIS/imagine/colormaps" name="/MATLAB/globals/GUIS/imagine/colormaps" type="Folder"/><fileEntry content="/MATLAB/globals/GUIS/imagine/colormaps/ExpGray.m" date="2015-03-12T17:47:17Z" name="/MATLAB/globals/GUIS/imagine/colormaps/ExpGray.m" permissions="33188" type="File"/><fileEntry content="/MATLAB/globals/GUIS/imagine/colormaps/InvGray.m" date="2015-03-12T17:47:17Z" name="/MATLAB/globals/GUIS/imagine/colormaps/InvGray.m" permissions="33188" type="File"/><fileEntry content="/MATLAB/globals/GUIS/imagine/colormaps/LogGray.m" date="2015-03-12T17:47:17Z" name="/MATLAB/globals/GUIS/imagine/colormaps/LogGray.m" permissions="33188" type="File"/><fileEntry content="/MATLAB/globals/GUIS/imagine/colormaps/OptimalColor.m" date="2015-03-12T17:47:17Z" name="/MATLAB/globals/GUIS/imagine/colormaps/OptimalColor.m" permissions="33188" type="File"/><fileEntry content="/MATLAB/globals/GUIS/imagine/colormaps/french.m" date="2015-03-12T17:47:17Z" name="/MATLAB/globals/GUIS/imagine/colormaps/french.m" permissions="33188" type="File"/><fileEntry content="/MATLAB/globals/GUIS/imagine/colormaps/mylines.mat" date="2014-10-06T09:22:55Z" name="/MATLAB/globals/GUIS/imagine/colormaps/mylines.mat" permissions="33188" type="File"/><fileEntry content="/MATLAB/globals/GUIS/imagine/documentation" name="/MATLAB/globals/GUIS/imagine/documentation" type="Folder"/><fileEntry content="/MATLAB/globals/GUIS/imagine/icons" name="/MATLAB/globals/GUIS/imagine/icons" type="Folder"/><fileEntry content="/MATLAB/globals/GUIS/imagine/icons/.DS_Store" date="2015-03-12T16:45:33Z" name="/MATLAB/globals/GUIS/imagine/icons/.DS_Store" permissions="33188" type="File"/><fileEntry content="/MATLAB/globals/GUIS/imagine/imagine.m" date="2015-03-12T17:47:17Z" name="/MATLAB/globals/GUIS/imagine/imagine.m" permissions="33188" type="File"/><fileEntry content="/MATLAB/globals/GUIS/imagine/import/fDICOMRead.m" date="2015-03-12T17:47:17Z" name="/MATLAB/globals/GUIS/imagine/import/fDICOMRead.m" permissions="33188" type="File"/><fileEntry content="/MATLAB/globals/GUIS/imagine/import/fGIPLRead.m" date="2015-03-12T17:47:17Z" name="/MATLAB/globals/GUIS/imagine/import/fGIPLRead.m" permissions="33188" type="File"/><fileEntry content="/MATLAB/globals/GUIS/imagine/import/fMatRead.m" date="2015-03-12T17:47:17Z" name="/MATLAB/globals/GUIS/imagine/import/fMatRead.m" permissions="33188" type="File"/><fileEntry content="/MATLAB/globals/GUIS/imagine/import/fNifTyRead.m" date="2015-03-12T17:47:17Z" name="/MATLAB/globals/GUIS/imagine/import/fNifTyRead.m" permissions="33188" type="File"/><fileEntry content="/MATLAB/globals/GUIS/imagine/import/fWSImport.m" date="2015-03-12T17:47:17Z" name="/MATLAB/globals/GUIS/imagine/import/fWSImport.m" permissions="33188" type="File"/><fileEntry content="/MATLAB/globals/GUIS/imagine/tools" name="/MATLAB/globals/GUIS/imagine/tools" type="Folder"/><fileEntry content="/MATLAB/globals/GUIS/imagine/tools/.DS_Store" date="2015-03-12T17:17:44Z" name="/MATLAB/globals/GUIS/imagine/tools/.DS_Store" permissions="33188" type="File"/><fileEntry content="/MATLAB/globals/GUIS/imagine/tools/fIsoContour_mex.cpp" date="2014-10-21T08:43:35Z" name="/MATLAB/globals/GUIS/imagine/tools/fIsoContour_mex.cpp" permissions="33188" type="File"/><fileEntry content="/MATLAB/globals/GUIS/imagine/tools/fLiveWireCalcP.cpp" date="2015-03-12T15:55:36Z" name="/MATLAB/globals/GUIS/imagine/tools/fLiveWireCalcP.cpp" permissions="33188" type="File"/><fileEntry content="/MATLAB/globals/GUIS/imagine/tools/fLiveWireCalcP.m" date="2015-03-12T17:47:17Z" name="/MATLAB/globals/GUIS/imagine/tools/fLiveWireCalcP.m" permissions="33188" type="File"/><fileEntry content="/MATLAB/globals/GUIS/imagine/tools/fLiveWireGetCostFcn.m" date="2015-03-12T17:47:17Z" name="/MATLAB/globals/GUIS/imagine/tools/fLiveWireGetCostFcn.m" permissions="33188" type="File"/><fileEntry content="/MATLAB/globals/GUIS/imagine/tools/fLiveWireGetPath.m" date="2015-03-12T17:47:17Z" name="/MATLAB/globals/GUIS/imagine/tools/fLiveWireGetPath.m" permissions="33188" type="File"/><fileEntry content="/MATLAB/globals/GUIS/imagine/tools/fRegionGrowingAuto_mex.cpp" date="2015-03-12T17:08:59Z" name="/MATLAB/globals/GUIS/imagine/tools/fRegionGrowingAuto_mex.cpp" permissions="33188" type="File"/><fileEntry content="/MATLAB/globals/GUIS/imagine/versions" name="/MATLAB/globals/GUIS/imagine/versions" type="Folder"/><fileEntry content="/matlab/globals/GUIS/imagine/documentation/IMAGINE%20Users%20Manual.pdf" date="2014-11-04T14:47:24Z" name="/matlab/globals/GUIS/imagine/documentation/IMAGINE Users Manual.pdf" permissions="33188" type="File"/><fileEntry content="/matlab/globals/GUIS/imagine/icons/Icon.png" date="2014-10-29T19:01:33Z" name="/matlab/globals/GUIS/imagine/icons/Icon.png" permissions="33188" type="File"/><fileEntry content="/matlab/globals/GUIS/imagine/icons/clock.png" date="2014-10-20T07:38:09Z" name="/matlab/globals/GUIS/imagine/icons/clock.png" permissions="33188" type="File"/><fileEntry content="/matlab/globals/GUIS/imagine/icons/colormap.png" date="2013-04-23T11:21:38Z" name="/matlab/globals/GUIS/imagine/icons/colormap.png" permissions="33188" type="File"/><fileEntry content="/matlab/globals/GUIS/imagine/icons/cursor_arrow.png" date="2013-04-23T08:40:48Z" name="/matlab/globals/GUIS/imagine/icons/cursor_arrow.png" permissions="33188" type="File"/><fileEntry content="/matlab/globals/GUIS/imagine/icons/doc_delete.png" date="2013-04-23T09:00:18Z" name="/matlab/globals/GUIS/imagine/icons/doc_delete.png" permissions="33188" type="File"/><fileEntry content="/matlab/globals/GUIS/imagine/icons/doc_import.png" date="2013-04-23T09:03:58Z" name="/matlab/globals/GUIS/imagine/icons/doc_import.png" permissions="33188" type="File"/><fileEntry content="/matlab/globals/GUIS/imagine/icons/exchange.png" date="2013-04-23T08:40:59Z" name="/matlab/globals/GUIS/imagine/icons/exchange.png" permissions="33188" type="File"/><fileEntry content="/matlab/globals/GUIS/imagine/icons/folder_open.png" date="2013-04-23T09:05:27Z" name="/matlab/globals/GUIS/imagine/icons/folder_open.png" permissions="33188" type="File"/><fileEntry content="/matlab/globals/GUIS/imagine/icons/grid.png" date="2013-04-23T08:40:25Z" name="/matlab/globals/GUIS/imagine/icons/grid.png" permissions="33188" type="File"/><fileEntry content="/matlab/globals/GUIS/imagine/icons/ic.png" date="2014-10-15T07:44:35Z" name="/matlab/globals/GUIS/imagine/icons/ic.png" permissions="33188" type="File"/><fileEntry content="/matlab/globals/GUIS/imagine/icons/line.png" date="2014-10-15T08:43:46Z" name="/matlab/globals/GUIS/imagine/icons/line.png" permissions="33188" type="File"/><fileEntry content="/matlab/globals/GUIS/imagine/icons/line1.png" date="2014-10-20T07:38:33Z" name="/matlab/globals/GUIS/imagine/icons/line1.png" permissions="33188" type="File"/><fileEntry content="/matlab/globals/GUIS/imagine/icons/link.png" date="2014-10-20T12:40:16Z" name="/matlab/globals/GUIS/imagine/icons/link.png" permissions="33188" type="File"/><fileEntry content="/matlab/globals/GUIS/imagine/icons/link1.png" date="2014-10-20T12:39:59Z" name="/matlab/globals/GUIS/imagine/icons/link1.png" permissions="33188" type="File"/><fileEntry content="/matlab/globals/GUIS/imagine/icons/lw.png" date="2014-10-15T07:43:37Z" name="/matlab/globals/GUIS/imagine/icons/lw.png" permissions="33188" type="File"/><fileEntry content="/matlab/globals/GUIS/imagine/icons/max.png" date="2014-10-15T08:29:07Z" name="/matlab/globals/GUIS/imagine/icons/max.png" permissions="33188" type="File"/><fileEntry content="/matlab/globals/GUIS/imagine/icons/min.png" date="2014-10-15T08:28:42Z" name="/matlab/globals/GUIS/imagine/icons/min.png" permissions="33188" type="File"/><fileEntry content="/matlab/globals/GUIS/imagine/icons/phase.png" date="2014-10-15T07:58:14Z" name="/matlab/globals/GUIS/imagine/icons/phase.png" permissions="33188" type="File"/><fileEntry content="/matlab/globals/GUIS/imagine/icons/record.png" date="2014-10-20T09:26:32Z" name="/matlab/globals/GUIS/imagine/icons/record.png" permissions="33188" type="File"/><fileEntry content="/matlab/globals/GUIS/imagine/icons/reset.png" date="2013-04-23T08:42:44Z" name="/matlab/globals/GUIS/imagine/icons/reset.png" permissions="33188" type="File"/><fileEntry content="/matlab/globals/GUIS/imagine/icons/rewind.png" date="2014-10-20T09:26:54Z" name="/matlab/globals/GUIS/imagine/icons/rewind.png" permissions="33188" type="File"/><fileEntry content="/matlab/globals/GUIS/imagine/icons/rg.png" date="2014-10-15T07:43:21Z" name="/matlab/globals/GUIS/imagine/icons/rg.png" permissions="33188" type="File"/><fileEntry content="/matlab/globals/GUIS/imagine/icons/roi.png" date="2014-10-15T08:38:56Z" name="/matlab/globals/GUIS/imagine/icons/roi.png" permissions="33188" type="File"/><fileEntry content="/matlab/globals/GUIS/imagine/icons/rotate.png" date="2014-10-15T08:40:32Z" name="/matlab/globals/GUIS/imagine/icons/rotate.png" permissions="33188" type="File"/><fileEntry content="/matlab/globals/GUIS/imagine/icons/save.png" date="2013-04-23T11:22:47Z" name="/matlab/globals/GUIS/imagine/icons/save.png" permissions="33188" type="File"/><fileEntry content="/matlab/globals/GUIS/imagine/icons/stop.png" date="2014-10-20T09:26:22Z" name="/matlab/globals/GUIS/imagine/icons/stop.png" permissions="33188" type="File"/><fileEntry content="/matlab/globals/GUIS/imagine/icons/tag.png" date="2013-04-23T08:48:05Z" name="/matlab/globals/GUIS/imagine/icons/tag.png" permissions="33188" type="File"/><fileEntry content="/matlab/globals/GUIS/imagine/icons/zoom.png" date="2011-05-19T06:41:10Z" name="/matlab/globals/GUIS/imagine/icons/zoom.png" permissions="33188" type="File"/></fileEntries>